author_id,created_at,id,text,edit_history_tweet_ids,clean_text,sentiment
798414877584920576,2025-10-24T19:27:27.000Z,1981804752926318882,"ã€°â¬â™‰ğŸ“¤
Following @michellehromlak has changed my investing strategy. His stock picks have helped my account steadily growâ€”making $30,000 in just one week. 
#stock $REPL 
 #SwingTradingğŸ‘¤ $CRM
  #BrokerageğŸ¥œ $JNJ 
 #NvidiağŸ¥€ $HIT 
 #Stockâ†ª $IPDN https://t.co/NoCmNyqDFZ",['1981804752926318882'],"following  has changed my investing strategy his stock picks have helped my account steadily growmaking 30000 in just one week 
stock repl 
 swingtrading crm
  brokerage jnj 
 nvidia hit 
 stock ipdn",neutral
1187645974287663104,2025-10-24T19:27:25.000Z,1981804741689581600,@vomobaho1 @infinityg_ai Aligning AI-driven Web3 compliance with NVIDIA's power. The future is transparent and scalable.,['1981804741689581600'],aligning aidriven web3 compliance with nvidias power the future is transparent and scalable,neutral
1113265876386504704,2025-10-24T19:27:19.000Z,1981804719048896715,"I've been saying it since 2018.
Nvidia company is a scam.
The whole existence of Nvidia is for laundering dollars and to tackle BRICS.
Nvidia's death is near.
See how I did not tweet when DeepSeek hit Nvidia but now I am, when it's the most valuable company.
ğŸ¿ Enjoy the show.",['1981804719048896715'],"ive been saying it since 2018
nvidia company is a scam
the whole existence of nvidia is for laundering dollars and to tackle brics
nvidias death is near
see how i did not tweet when deepseek hit nvidia but now i am when its the most valuable company
 enjoy the show",positive
1862535163156082688,2025-10-24T19:27:17.000Z,1981804710521688409,"A former Nvidia engineer said anyone looking to upskill for AI needs to start by building.

""Doesn't matter what you build, as long as you do it end to end,"" Chip Huyen told Business Insider.

Huyen said in addition to building, engineers should master systems thinking.",['1981804710521688409'],"a former nvidia engineer said anyone looking to upskill for ai needs to start by building

doesnt matter what you build as long as you do it end to end chip huyen told business insider

huyen said in addition to building engineers should master systems thinking",neutral
1686169611060797440,2025-10-24T19:26:51.000Z,1981804599485899125,"@nvidia @OpenAI @Oracle @Microsoft @xai @AMD @intel @CoreWeave The business model motive is a narrative sold to hillbillies who know nothing about business but understand the wink and a nod that the secret agenda in turning the government into a business is to exclude them niggas from those guaranteed outcomes!

now...it's naked profiteering",['1981804599485899125'],"the business model motive is a narrative sold to hillbillies who know nothing about business but understand the wink and a nod that the secret agenda in turning the government into a business is to exclude them niggas from those guaranteed outcomes

nowits naked profiteering",negative
1248759263465336832,2025-10-24T19:26:35.000Z,1981804531542577319,"ğŸ”«ğŸ§­
I learned a lot about stocks and made a lot of money from this blogger @AmanxisDayre19's Whatsapp. Worth following him.Investing
 
$COIN #stock  #MarginTradingğŸ„ $GE  #MarketOrderğŸ‹ $MSFT   #BetağŸš¹ $mdb stock  #NvidiağŸ° $APLM https://t.co/Opg67ZBrG4",['1981804531542577319'],"i learned a lot about stocks and made a lot of money from this blogger s whatsapp worth following himinvesting
 
coin stock  margintrading ge  marketorder msft   beta mdb stock  nvidia aplm",positive
1644159990901493761,2025-10-24T19:26:34.000Z,1981804528921194921,"@LookOlouk1 @OlgaBazova Nvidia has nothing to do with Europe, that's a problem US fabricated without looking up the standings, they rely on China far more than China relies on US. All the other problems won't be solved magically, but killing EU's manufacturing sector will put more capital on US's.",['1981804528921194921'],nvidia has nothing to do with europe thats a problem us fabricated without looking up the standings they rely on china far more than china relies on us all the other problems wont be solved magically but killing eus manufacturing sector will put more capital on uss,negative
787614452195725312,2025-10-24T19:26:08.000Z,1981804421093921194,"ğŸ†–ğŸº
You can follow him @OskarKogut. I made $32,000 in a week by buying his recommended stocks, and you can do the same. 
$NERV #Fedrates 
 #DiversificationğŸ“£ $NFLX 
 #ShortSellingâ›ª $PYPL 
 #OTCğŸ“µ $COST  
 #Nvidiaâ™¥ $NSTK https://t.co/6oDOsT67dI",['1981804421093921194'],"you can follow him  i made 32000 in a week by buying his recommended stocks and you can do the same 
nerv fedrates 
 diversification nflx 
 shortselling pypl 
 otc cost  
 nvidia nstk",positive
20262641,2025-10-24T19:25:52.000Z,1981804353456619666,"President Trump has backed off plans to send federal troops to San Francisco after discussions with Mayor Daniel Lurie and tech leaders, including NVIDIA's Jensen Huang and Salesforce's Marc Benioff.

See how the decision unfolded: https://t.co/in5vql1Wat

#Salesforce #nvidia https://t.co/fiDXSGBRPN",['1981804353456619666'],"president trump has backed off plans to send federal troops to san francisco after discussions with mayor daniel lurie and tech leaders including nvidias jensen huang and salesforces marc benioff

see how the decision unfolded 

salesforce nvidia",neutral
1866375397,2025-10-24T19:25:41.000Z,1981804307692265899,"@ThourCS2 I think I got similar specs as you. Cap fps, disable reflex in game. Nvidia 3d turn low latency to ultra. 4x 4x filtering in cs2

Only way the game feels normal for me",['1981804307692265899'],"i think i got similar specs as you cap fps disable reflex in game nvidia 3d turn low latency to ultra 4x 4x filtering in cs2

only way the game feels normal for me",negative
1720665183188922368,2025-10-24T19:25:41.000Z,1981804304949555631,"@Papara11252301 @The_Old_Hippie @mattgaetz Nancy Pelosi entered Congress in 1987 with an estimated net worth of about $3.5 million. Financial disclosures and trackers like Quiver Quantitative now peg it at $250-275 million, fueled by her husband Paul's investments in tech stocks like Apple and Nvidia that vastly",['1981804304949555631'],nancy pelosi entered congress in 1987 with an estimated net worth of about 35 million financial disclosures and trackers like quiver quantitative now peg it at 250275 million fueled by her husband pauls investments in tech stocks like apple and nvidia that vastly,positive
801548402387468288,2025-10-24T19:25:38.000Z,1981804296137261406,"Thoughts on GPU Depreciation

There's some concern on X that Nvidia moving to a 1 year release cycle will accelerate GPU depreciation. The B300s series was released in 2025 only 1 year after B200s. 

The key here is to recognize Nvidia's motivations.
1. They are closing the 2 https://t.co/Vtdx9hJCGx",['1981804296137261406'],"thoughts on gpu depreciation

theres some concern on x that nvidia moving to a 1 year release cycle will accelerate gpu depreciation the b300s series was released in 2025 only 1 year after b200s 

the key here is to recognize nvidias motivations
1 they are closing the 2",neutral
1170950356185956352,2025-10-24T19:25:23.000Z,1981804230718492798,"ğŸŒğŸ³ğŸŸ¦ğŸ§º
He is seriously the best investor: @9ajhi who I've been watching him for a week and all his recommendations have gone up.
#stock $HKIT
 #CommonStockğŸ­ $PG
  #DiversificationğŸ§Š $AAPL  
 #DayTradingğŸ”€ $MSFT  
 #NvidiağŸ… $ADAP https://t.co/7teuirOvzi",['1981804230718492798'],"he is seriously the best investor  who ive been watching him for a week and all his recommendations have gone up
stock hkit
 commonstock pg
  diversification aapl  
 daytrading msft  
 nvidia adap",positive
1929321463531634688,2025-10-24T19:24:59.000Z,1981804129858285696,"$NVDA breaking out heading into close

Doesnâ€™t get more bullish than this

Nvidia always leads the pack https://t.co/VMMmtPkTiS",['1981804129858285696'],"nvda breaking out heading into close

doesnt get more bullish than this

nvidia always leads the pack",neutral
990993008320430081,2025-10-24T19:24:06.000Z,1981803906502897872,"ğŸ¦§ğŸ”Š
Since I started following this blogger @PaulinaBadys, I have grown my money eightfold by buying the stocks he recommends.
#stock $CLSK  
 #BlueChipStocksğŸ¦‹ $CVX 
 #MovingAverageğŸŸ« $GM 
 #MarketManipulationğŸ‘ $ONDS 
 #NvidiağŸ” $AGRI https://t.co/VKUVQgRkSc",['1981803906502897872'],"since i started following this blogger  i have grown my money eightfold by buying the stocks he recommends
stock clsk  
 bluechipstocks cvx 
 movingaverage gm 
 marketmanipulation onds 
 nvidia agri",positive
1108196328,2025-10-24T19:23:58.000Z,1981803876081709186,@librab103 What does uber have that Nvidia wants?,['1981803876081709186'],what does uber have that nvidia wants,neutral
1328471316,2025-10-24T19:23:47.000Z,1981803827063103582,@QumulusAI @nvidia I'm not seeing QumulusAI on the exhibitor list; will Qumulus have a booth?,['1981803827063103582'],im not seeing qumulusai on the exhibitor list will qumulus have a booth,neutral
1135616437442101249,2025-10-24T19:23:46.000Z,1981803824634638712,"ğŸ’‹âœ‹ğŸ™‹ğŸ›’ğŸ“‘
The greatest trader ever: @Calavagio. His stock recommendations are so accurate that I make money every day following him. You can too.
#gold $COIN 
 #LimitOrderğŸŒ  $IBM  
 #ROEğŸ˜© $PFE  
 #InterestRatesğŸ’£ $brea  
 #NvidiağŸš‹ $HOND https://t.co/TOeMVtKzJk",['1981803824634638712'],"the greatest trader ever  his stock recommendations are so accurate that i make money every day following him you can too
gold coin 
 limitorder ibm  
 roe pfe  
 interestrates brea  
 nvidia hond",positive
929898426292084741,2025-10-24T19:23:36.000Z,1981803783865729329,"ğŸ»ğŸ’«ğŸ¤ºğŸ€ğŸª
He is a finance professor: @h0554435741. His daily stock recommendations are so accurate that they usually rise. You can follow him. 
#Stock $HKIT 
 #PennyStocksğŸ¦‡ $NFLX
  #EPSğŸ¦™ $FLOX 
 #NvidiağŸ™„ $LVRO 
 #MSFTğŸšš $WOK https://t.co/2Ay8s9yWOe",['1981803783865729329'],"he is a finance professor  his daily stock recommendations are so accurate that they usually rise you can follow him 
stock hkit 
 pennystocks nflx
  eps flox 
 nvidia lvro 
 msft wok",neutral
1888362011383459840,2025-10-24T19:23:33.000Z,1981803768082845720,"@ArunabhMishra8 @nvidia @PrimeIntellect @willccbb Rules in SF:
1) never build â€œon topâ€ of other SF stuff
2) your customers are outside SF
3) inside SF everything is just for our entertainment",['1981803768082845720'],"rules in sf
1 never build on top of other sf stuff
2 your customers are outside sf
3 inside sf everything is just for our entertainment",positive
1960995033332469760,2025-10-24T19:23:29.000Z,1981803753620586509,"@nvidia Why don't you fix instead your ğŸ’© ğŸ”¥ connectors on 4090 &amp; 5090 and probably 6090, you farting buttholesÂ¿?",['1981803753620586509'],why dont you fix instead your   connectors on 4090 amp 5090 and probably 6090 you farting buttholes,neutral
1686169611060797440,2025-10-24T19:23:13.000Z,1981803686545568062,"@nvidia @OpenAI @Oracle @Microsoft @xai @AMD @intel @CoreWeave THE GOVERNMENT DOES NOT NEED PROFITS...they are supposed to spend as much public money necessary to guarantee a publicly supported out come...

if the public supports educated children...it is supposed to spend as much money as need to GUARANTEE THAT OUTCOME...",['1981803686545568062'],"the government does not need profitsthey are supposed to spend as much public money necessary to guarantee a publicly supported out come

if the public supports educated childrenit is supposed to spend as much money as need to guarantee that outcome",positive
3298379074,2025-10-24T19:23:09.000Z,1981803667654054025,Nvidia Crushes Competition with 92% GPU Market Share as AMD Falls to 8% and Intel Drops to Zero #AI #Hardware #Gaming #DataAnalytics #DeepLearning https://t.co/Ah58kffZtQ,['1981803667654054025'],nvidia crushes competition with 92 gpu market share as amd falls to 8 and intel drops to zero ai hardware gaming dataanalytics deeplearning,negative
549443406,2025-10-24T19:23:06.000Z,1981803654823772324,"@CJHandmer @nvidia Haha fair, I was thinking theoretical issues not practical",['1981803654823772324'],haha fair i was thinking theoretical issues not practical,positive
779775500310937600,2025-10-24T19:22:53.000Z,1981803600809509136,@vonk0ro @nvidia just because of this comment they'll place it orbiting perfectly so your house stays in permanent shade and you'll never see the sunshine again,['1981803600809509136'],just because of this comment theyll place it orbiting perfectly so your house stays in permanent shade and youll never see the sunshine again,positive
775784664850202624,2025-10-24T19:22:51.000Z,1981803595470364991,"ğŸ˜¸ğŸ§
Following @michellehromlak has changed my investing strategy. His stock picks have helped my account steadily growâ€”making $30,000 in just one week. 
#stock $REPL 
 #EquityğŸ”‘ $CVX
  #BullishğŸ $IBM  
 #Sector ğŸ€ $WFC  
 #NvidiağŸš $HIT https://t.co/2kBSWGXok4",['1981803595470364991'],"following  has changed my investing strategy his stock picks have helped my account steadily growmaking 30000 in just one week 
stock repl 
 equity cvx
  bullish ibm  
 sector  wfc  
 nvidia hit",neutral
450761751,2025-10-24T19:22:45.000Z,1981803569880920435,"Go Nvidia Go!!! $NVDA

rippage! https://t.co/aXI3zlCA5B",['1981803569880920435'],"go nvidia go nvda

rippage",neutral
1532941886637637632,2025-10-24T19:22:44.000Z,1981803562326794292,@AyeMibbes @mcannonbrookes AMD's profit margin is 6% while Nvidia's is 55% ğŸ˜‚,['1981803562326794292'],amds profit margin is 6 while nvidias is 55,positive
1637974481867030528,2025-10-24T19:22:12.000Z,1981803431687073858,"@Chucklezzzzzz @EZE3D The thing is.. its already implemented at engine level for software.

Nvidia's DLSS is Generative AI
Raytracing/Path Tracing are Generative AI.

At the hardware level AI training models are how developers are making games now

People didn't think the others would improve things.",['1981803431687073858'],"the thing is its already implemented at engine level for software

nvidias dlss is generative ai
raytracingpath tracing are generative ai

at the hardware level ai training models are how developers are making games now

people didnt think the others would improve things",positive
1720665183188922368,2025-10-24T19:22:11.000Z,1981803425404006648,"@hars_khandelwal @viraj_sheth @xoxoxo538 Based on current market analysis as of October 2025, my recommendations for the next 6 months are:

1. NVIDIA (NVDA) - Strong AI demand and partnerships; YTD return 34%, analyst target $218.

2. Walmart (WMT) - Stable retail growth amid consumer spending; YTD 18%, target $113.",['1981803425404006648'],"based on current market analysis as of october 2025 my recommendations for the next 6 months are

1 nvidia nvda  strong ai demand and partnerships ytd return 34 analyst target 218

2 walmart wmt  stable retail growth amid consumer spending ytd 18 target 113",positive
1221694854603796482,2025-10-24T19:21:44.000Z,1981803312157769789,Ahhhh yes Nvidia ğŸ«¶ğŸ½,['1981803312157769789'],ahhhh yes nvidia,positive
1568941399420145664,2025-10-24T19:21:28.000Z,1981803244742680633,"@DKSportsbook All you have to do is type Nvidia or AI, not for Allen Iverson, and the algos should spike it a little bit",['1981803244742680633'],all you have to do is type nvidia or ai not for allen iverson and the algos should spike it a little bit,neutral
4889016917,2025-10-24T19:21:20.000Z,1981803211687440668,"ğŸ“–ğŸ‘µğŸ¦’ğŸŒ±ğŸ¥…
This is insane! ğŸš€ Repeatedly following @michellehromlak's trades has turned my portfolio into a profit machine - some positions are up over 15% in just a few days! 
#Stock $REPL 
 #CommonStockğŸ¤¿ $MSFT 
  #InflationğŸ“£ $FLOX 
 #NvidiağŸš‰ $BOXL 
 #StockğŸ”£ $YDKG https://t.co/bkvgRs2pgO",['1981803211687440668'],"this is insane  repeatedly following s trades has turned my portfolio into a profit machine  some positions are up over 15 in just a few days 
stock repl 
 commonstock msft 
  inflation flox 
 nvidia boxl 
 stock ydkg",positive
1686169611060797440,2025-10-24T19:21:18.000Z,1981803202925539360,"@nvidia @OpenAI @Oracle @Microsoft @xai @AMD @intel @CoreWeave oh...I'm crazy?

ok

vendor financing...but...also guarantees...the loans???

Tell me again how a CEO has a fiduciary responsibility to its shareholders....**tap tap tap** did something change with that Ford / Dodge case law??

When they run to Argentina

https://t.co/LA95zA1kTo",['1981803202925539360'],"ohim crazy

ok

vendor financingbutalso guaranteesthe loans

tell me again how a ceo has a fiduciary responsibility to its shareholderstap tap tap did something change with that ford  dodge case law

when they run to argentina",negative
1821631596275101696,2025-10-24T19:21:14.000Z,1981803186160889941,"@NVIDIAAIDev @nvidia @SimBioSys What if Ai could also detect Neuromuscular Disorders, Parkinson's tremor, Mobility tracking I have been working on the same. Inspired from this post i am reposting this idea.",['1981803186160889941'],what if ai could also detect neuromuscular disorders parkinsons tremor mobility tracking i have been working on the same inspired from this post i am reposting this idea,positive
1816305864917311488,2025-10-24T19:20:57.000Z,1981803117055488328,"When the interest and involvement of established players is Dappening quietly, it is wise to pay attention. 

@evanluthra on the team is another indicator for sensible structure. 

Decades ago I whispered Nvidia until I screamed it... 

I am whispering now. https://t.co/19YVSfzZhu",['1981803117055488328'],"when the interest and involvement of established players is dappening quietly it is wise to pay attention 

 on the team is another indicator for sensible structure 

decades ago i whispered nvidia until i screamed it 

i am whispering now",positive
1561255054715236352,2025-10-24T19:20:33.000Z,1981803013271695421,"Heads up $NVDA â€” Sovereign AI programs expanding in Japan, UAE &amp; India all citing Nvidia hardware. Global demand engine is unstoppable.
Get trade zones before the crowd ğŸ‘‡ğŸ‘‡ğŸ‘‡
ğŸ”—https://t.co/eJzdLVJAgağŸš€ğŸš€ğŸš€ https://t.co/C0fKBLiRjq",['1981803013271695421'],"heads up nvda  sovereign ai programs expanding in japan uae amp india all citing nvidia hardware global demand engine is unstoppable
get trade zones before the crowd",negative
1640584664040521728,2025-10-24T19:19:51.000Z,1981802838427595043,"@Auziuwu @NVIDIAGeForce @GeForce_JacobF This is a crazy misinformation. You probably set something terribly wrong on your PC.
Maybe you forgot to turn on V-Sync in Nvidia App and Reflex doesn't cap your framerate for you with VRR.
Or your setup doesn't have Variable Refresh Rate (need G-Sync Compatible display).",['1981802838427595043'],"this is a crazy misinformation you probably set something terribly wrong on your pc
maybe you forgot to turn on vsync in nvidia app and reflex doesnt cap your framerate for you with vrr
or your setup doesnt have variable refresh rate need gsync compatible display",negative
201225656,2025-10-24T19:19:49.000Z,1981802828453884395,"[Tech Arena] Cassava Technologies Secures Strategic Investment from NVIDIA: Cassava Technologies has announced a new strategic investment from global computing powerhouse NVIDIA. Hardy Pemhiwa, President and Group.. https://t.co/Vtog9QXux5 via @TechArena_KE",['1981802828453884395'],tech arena cassava technologies secures strategic investment from nvidia cassava technologies has announced a new strategic investment from global computing powerhouse nvidia hardy pemhiwa president and group  via,positive
1666671163194605573,2025-10-24T19:19:32.000Z,1981802761009447247,@vomobaho1 @infinityg_ai infinityg_ai and NVIDIA The perfect fusion of trust and tech.,['1981802761009447247'],infinitygai and nvidia the perfect fusion of trust and tech,positive
1296211919653736450,2025-10-24T19:19:28.000Z,1981802743041024255,"I mean, I understand it's the golden age of fraud, and a casual pump of 100B a day for Nvidia is business as usual. But any recycled catalyst for this incoming volume? Or just a magnet to close the gap?

Thanks, https://t.co/s0N1Kp6n5A",['1981802743041024255'],"i mean i understand its the golden age of fraud and a casual pump of 100b a day for nvidia is business as usual but any recycled catalyst for this incoming volume or just a magnet to close the gap

thanks",positive
1405346518236680194,2025-10-24T19:19:20.000Z,1981802707238498521,"$NVDA is trending â€” While others worry about valuations and China risks, Nvidia is proving growth still intact. If trade flips, this could burst.
Donâ€™t miss your zones ğŸ‘‡ğŸ‘‡ğŸ‘‡
ğŸ”—https://t.co/dkBaQgrs97ğŸš€ğŸš€ğŸš€ https://t.co/M6vGudOprs",['1981802707238498521'],"nvda is trending  while others worry about valuations and china risks nvidia is proving growth still intact if trade flips this could burst
dont miss your zones",neutral
964813807,2025-10-24T19:19:07.000Z,1981802655069679793,"Heads up $NVDA â€” The â€œsovereign AIâ€ wave is real: Europe, Japan, India all ramping AI infrastructure, and Nvidia is front-row in that build-out.
See where weâ€™re entering ğŸ‘‡ğŸ‘‡ğŸ‘‡
ğŸ”—https://t.co/fr8COvZZM1ğŸš€ğŸš€ğŸš€ https://t.co/V0MlN8tPdc",['1981802655069679793'],"heads up nvda  the sovereign ai wave is real europe japan india all ramping ai infrastructure and nvidia is frontrow in that buildout
see where were entering",neutral
1266625433346338816,2025-10-24T19:18:56.000Z,1981802608148074873,"@SamKaru_ @nvidia @trylogical Bro, you left right now because you could sell your stock. Stop the BS",['1981802608148074873'],bro you left right now because you could sell your stock stop the bs,negative
1775462456984289280,2025-10-24T19:18:49.000Z,1981802577638379690,@grok is keychain involved with Microsoft or Nvidia,['1981802577638379690'],is keychain involved with microsoft or nvidia,neutral
30824116,2025-10-24T19:18:34.000Z,1981802514535383366,"@SamKaru_ @Mahy__K @aaron_epstein @nvidia @trylogical Nice software, dreamt of it, if that MS instead of putting copilot in office should dust its file explorer, waste lots of time finding files to open and include in email",['1981802514535383366'],nice software dreamt of it if that ms instead of putting copilot in office should dust its file explorer waste lots of time finding files to open and include in email,neutral
198258612,2025-10-24T19:18:18.000Z,1981802448860934586,@SamKaru_ @nvidia @trylogical credit :@functi0nZer0 https://t.co/XDSiMSCntO,['1981802448860934586'],credit,positive
1785039187185451008,2025-10-24T19:18:16.000Z,1981802441646465216,"Thousands of candidate evaluations.

Instant inference. True reasoning. Zero internet.

#ARBI now runs fully local on NVIDIA #DGXSpark.

See it live at #GTCWashingtonDC â†’ powered by #NeuroscaleAI #AgenticAI #AI",['1981802441646465216'],"thousands of candidate evaluations

instant inference true reasoning zero internet

arbi now runs fully local on nvidia dgxspark

see it live at gtcwashingtondc  powered by neuroscaleai agenticai ai",positive
1686169611060797440,2025-10-24T19:17:46.000Z,1981802314886525118,"What you are seeing...is ONE COMPANY!!!

you are not seeing @nvidia @OpenAI @Oracle @Microsoft @xai @AMD @intel @CoreWeave etc etc

You are seeing a synthetic monopoly...we have allowed monopolies for so long we now have a synthetic one

w/ the gov as an investor not a regulator https://t.co/7YeKSIJgqT",['1981802314886525118'],"what you are seeingis one company

you are not seeing         etc etc

you are seeing a synthetic monopolywe have allowed monopolies for so long we now have a synthetic one

w the gov as an investor not a regulator",neutral
1640584664040521728,2025-10-24T19:17:46.000Z,1981802314718494729,"@NVIDIAGeForce @GeForce_JacobF But not on your own GeForce Now service because for some unknown reason there's no Nvidia App settings available to tweak on the cloud PC rig you're giving us access to.
GFN needs Nvidia App, at least the most important and useful ones, like Max Framerate Limiter or DLSS override",['1981802314718494729'],"but not on your own geforce now service because for some unknown reason theres no nvidia app settings available to tweak on the cloud pc rig youre giving us access to
gfn needs nvidia app at least the most important and useful ones like max framerate limiter or dlss override",positive
1457071860693159936,2025-10-24T19:17:43.000Z,1981802302140027085,"@vomobaho1 @infinityg_ai @infinityg_ai x NVIDIA is next-level, AI compliance meets GPU muscle to scale Web3 with clarity and speed",['1981802302140027085'],x nvidia is nextlevel ai compliance meets gpu muscle to scale web3 with clarity and speed,positive
1720665183188922368,2025-10-24T19:17:30.000Z,1981802247349772732,"@1lFU183115 @NazwaNieZaFajna @TrumpTruthOnX Markets are at record highs, yet causality to tariffs is murkyâ€”tech giants like Nvidia and AI hype, plus election tailwinds, explain much of the surge. Tariffs shielded steel and manufacturing but hiked input costs, contributing to early 2025 volatility before stabilization. True",['1981802247349772732'],markets are at record highs yet causality to tariffs is murkytech giants like nvidia and ai hype plus election tailwinds explain much of the surge tariffs shielded steel and manufacturing but hiked input costs contributing to early 2025 volatility before stabilization true,positive
1112186631455420418,2025-10-24T19:17:16.000Z,1981802188394410401,@BiggLyndo No I Prefer nvidia. This is the only amd gpu I like currently,['1981802188394410401'],no i prefer nvidia this is the only amd gpu i like currently,positive
1720665183188922368,2025-10-24T19:16:55.000Z,1981802100653990112,"@evolumin @rbejarano92 @Dr_Singularity The algorithm was demonstrated on AMD FPGAs, but its FPGA-based design suggests compatibility with others like Intel's. GPUs, such as NVIDIA's with QUDA-Q, have potential for similar real-time error correction, though ASICs could offer even lower latency in custom setups. IBM",['1981802100653990112'],the algorithm was demonstrated on amd fpgas but its fpgabased design suggests compatibility with others like intels gpus such as nvidias with qudaq have potential for similar realtime error correction though asics could offer even lower latency in custom setups ibm,negative
1246075712752082952,2025-10-24T19:16:43.000Z,1981802050888601840,"ğŸŒµğŸ§…
Huge thanks to  @io8tanecl I made $23,000 in two days following the strategy 
 #StockMarket $SCNX $AREB
#StockMarketğŸ’’ $ADAP 
 #MarginTradingğŸ¼ $BOXL 
 #FiscalPolicyğŸ˜· $AGRI 
 #NvidiağŸ”® $METSERA https://t.co/FHIbM3xSZz",['1981802050888601840'],"huge thanks to   i made 23000 in two days following the strategy 
 stockmarket scnx areb
stockmarket adap 
 margintrading boxl 
 fiscalpolicy agri 
 nvidia metsera",positive
217342900,2025-10-24T19:16:32.000Z,1981802004335755633,"Just got this Intel Xeon Platinum 8480 CPU with 256 core processors and four PCIe NVIDIA H100 Tensor Core GPUs and 16 DIMM Slots for up to 4TB DRAM.

WHAT SHOULD INSTALL FIRST? https://t.co/sz7kqo01Hx",['1981802004335755633'],"just got this intel xeon platinum 8480 cpu with 256 core processors and four pcie nvidia h100 tensor core gpus and 16 dimm slots for up to 4tb dram

what should install first",neutral
1671528397531430917,2025-10-24T19:16:25.000Z,1981801975529591091,@cryptobullying GIGA is going to flip NVIDIA https://t.co/OzwfAERTLK,['1981801975529591091'],giga is going to flip nvidia,neutral
4280689758,2025-10-24T19:16:25.000Z,1981801973969244198,@ThourCS2 Was same here. But i find why. Nvidia app simple always are changing my video cfg to high as possible. No matter what i did it always came back. Then i did a clean driver uns and was back to normal.,['1981801973969244198'],was same here but i find why nvidia app simple always are changing my video cfg to high as possible no matter what i did it always came back then i did a clean driver uns and was back to normal,positive
371894291,2025-10-24T19:15:58.000Z,1981801862094524729,"NVIDIA Aims to Launch AI Data Centers Into Orbit

Startup Starcloud, part of NVIDIAâ€™s Inception program, plans to build space-based data centers to tackle rising AI energy demands. Its first satellite, launching in November, will feature an NVIDIA H100 GPU, enabling powerful https://t.co/3h9XAv8YA2",['1981801862094524729'],"nvidia aims to launch ai data centers into orbit

startup starcloud part of nvidias inception program plans to build spacebased data centers to tackle rising ai energy demands its first satellite launching in november will feature an nvidia h100 gpu enabling powerful",positive
575119576,2025-10-24T19:15:57.000Z,1981801857967092092,"@kili_mkili @ExergyDev @JustJake Incoming energy matters, yeah, but what I mean is that it radiates towards the sun just as well as it does away from it. Better, even, because it gets hotter.

The actual calculations are way too complex for me to care to do, I'll just trust NVidia and SpaceX to know what the",['1981801857967092092'],"incoming energy matters yeah but what i mean is that it radiates towards the sun just as well as it does away from it better even because it gets hotter

the actual calculations are way too complex for me to care to do ill just trust nvidia and spacex to know what the",positive
1284941311150350336,2025-10-24T19:15:13.000Z,1981801673778499798,$SPY $DIA $QQQ If I sold 2 stocks I am in now plus gains I made I could buy back Lilly Phillips Stock Intel I sold out of at 19 but I did buy back at 24 before Nvidia Pump to 32. I know I should have not sold but when I saw Nvidia got shares at 23 and pumped appears they sold.,['1981801673778499798'],spy dia qqq if i sold 2 stocks i am in now plus gains i made i could buy back lilly phillips stock intel i sold out of at 19 but i did buy back at 24 before nvidia pump to 32 i know i should have not sold but when i saw nvidia got shares at 23 and pumped appears they sold,positive
2358139032,2025-10-24T19:15:09.000Z,1981801656594395164,"Weâ€™ll be at @NVIDIAGTC in Washington, D.C. next week! Meet the Vultr team and learn about how our cloud platform advances GenAI initiatives with global access to @nvidia GPUs like HGX B200s.

Catch us at Booth 453. Register to book a meeting with our team: https://t.co/Pll87JrSqg https://t.co/T3DcDlVsbZ",['1981801656594395164'],"well be at  in washington dc next week meet the vultr team and learn about how our cloud platform advances genai initiatives with global access to  gpus like hgx b200s

catch us at booth 453 register to book a meeting with our team",positive
1960904599474462723,2025-10-24T19:14:52.000Z,1981801585224339691,"ğŸšŸğŸ”˜ğŸ‘¬ğŸŒ“ğŸ›‘
You can follow him @daniel_danbo. I made $32,000 in a week by buying his recommended stocks, and you can do the same.
 $NERV #Fedrates 
 #SecondaryMarketğŸ‘­ $DIS 
 #MarketManipulationğŸ‘¼ $V 
 #NvidiağŸ›¬ $PFE  
 #StockPriceğŸ‘” $kenvue https://t.co/jx88ju9W8E",['1981801585224339691'],"you can follow him  i made 32000 in a week by buying his recommended stocks and you can do the same
 nerv fedrates 
 secondarymarket dis 
 marketmanipulation v 
 nvidia pfe  
 stockprice kenvue",positive
117630075,2025-10-24T19:14:20.000Z,1981801450461106205,NSIGHT COMPUTE TUTORIAL NOW AVAILABLE: https://t.co/5m3VB66XqZ | #nvidia #cuda #cudakernel #nsight #nsightcompute #nsightsystems #nsighttutorial #nsighttutorials #nvidiagpu #cudac #parallelprocessing #profiler #applicationprofiler #parallelcomputing #gpuprogramming #rtx,['1981801450461106205'],nsight compute tutorial now available   nvidia cuda cudakernel nsight nsightcompute nsightsystems nsighttutorial nsighttutorials nvidiagpu cudac parallelprocessing profiler applicationprofiler parallelcomputing gpuprogramming rtx,neutral
1443948936100724749,2025-10-24T19:13:48.000Z,1981801316239520147,"Our friends at NVIDIA are currently holding a Battlefield 6 ""Got Clips"" Community Contest, with the winner receiving a custom-wrapped GeForce RTX 5090 GPU!

Head on over to the Official Battlefield Reddit to find out how you can participate!

ğŸ‘‰ https://t.co/3cxjGP9a1G https://t.co/5YRo2drOiZ",['1981801316239520147'],"our friends at nvidia are currently holding a battlefield 6 got clips community contest with the winner receiving a customwrapped geforce rtx 5090 gpu

head on over to the official battlefield reddit to find out how you can participate",positive
1844912935140773903,2025-10-24T19:13:17.000Z,1981801187054956558,@DailyMail Outrage? Social Workers deal w crazy while cops deal w criminals. Meanwhile Trump made deals w/ Intel Nvidia AMD + Pfizer in which Cos will pay the U.S. a percentage of their sales revenue. I believe that's called Communism. Also called Corruption as % will go into DJT's pocket.,['1981801187054956558'],outrage social workers deal w crazy while cops deal w criminals meanwhile trump made deals w intel nvidia amd  pfizer in which cos will pay the us a percentage of their sales revenue i believe thats called communism also called corruption as  will go into djts pocket,negative
18529312,2025-10-24T19:12:21.000Z,1981800951481872887,"@DAKKADAKKA1 wish they'd do this with graphics cards. 
Undercut scalpers and nvidia. 
$300 should be the max price for a top of the range card.",['1981800951481872887'],"wish theyd do this with graphics cards 
undercut scalpers and nvidia 
300 should be the max price for a top of the range card",positive
1220705741478039553,2025-10-24T19:12:16.000Z,1981800929096774125,"ğŸ‘½ã€°ğŸ¤’ğŸ†
He is a gold medal stock analyst: @Kylacsxrnard who posts stock recommendations on X every day, and they are indeed very accurate.
 #SP500 $GNTA $WGRX 
#LongPosition ğŸŸ  $XOM 
#Liquidity â›ª $GE 
#Arbitrage ğŸ§¯ $AMD 
#Nvidia ğŸ’¸ $FOFO https://t.co/eufFYEMR6s",['1981800929096774125'],"he is a gold medal stock analyst  who posts stock recommendations on x every day and they are indeed very accurate
 sp500 gnta wgrx 
longposition  xom 
liquidity  ge 
arbitrage  amd 
nvidia  fofo",positive
1620905943683719168,2025-10-24T19:12:09.000Z,1981800899229233632,"SSX = The Solana Super Index
A one-click way to get exposure to:

The top Solana memecoins 

The top tokenized stocks (Tesla, Nvidia, etc.) 

The next breakout projects through its incubator ğŸš€

â€œLike holding the entire Solana future in a single token.â€ @ssxcapital @PlortalAI https://t.co/ilGORDaUNl",['1981800899229233632'],"ssx  the solana super index
a oneclick way to get exposure to

the top solana memecoins 

the top tokenized stocks tesla nvidia etc 

the next breakout projects through its incubator 

like holding the entire solana future in a single token",positive
1825193967337771008,2025-10-24T19:12:08.000Z,1981800898189046144,"1ï¸âƒ£GPUs: The Heart of AI

Each server packs 8+ GPUs,each consuming 700â€“1200W.

They perform millions of calculations simultaneously.

NVIDIA dominates, but Google uses TPUs, and NPUs are increasingly used too.

These specialized chips are what make LLMs possible.
#GoogleComesToAP",['1981800898189046144'],"1gpus the heart of ai

each server packs 8 gpuseach consuming 7001200w

they perform millions of calculations simultaneously

nvidia dominates but google uses tpus and npus are increasingly used too

these specialized chips are what make llms possible
googlecomestoap",positive
1223238768339103744,2025-10-24T19:12:08.000Z,1981800896171532790,"@honest30bgfan_ Awoof don land!!
HP EliteBook 8770W - Intel Core i7 - 256GB SSD - 24GB RAM - 4GB Dedicated Nvidia - â‚¦242,000

USE DISCOUNT CODE: BRYTECH
Pay less than 242,000
FREE SHIPPING 
https://t.co/9IvyVrZrnr https://t.co/LkAPWEXytH",['1981800896171532790'],"awoof don land
hp elitebook 8770w  intel core i7  256gb ssd  24gb ram  4gb dedicated nvidia  242000

use discount code brytech
pay less than 242000
free shipping",positive
943715156919537664,2025-10-24T19:11:48.000Z,1981800814558445651,"Why do blue checkmarks feel the need to advertise their stupidity on the internet?

Yes DLSS Frame Gen has some input lag that's what Nvidia Reflex is for. 

But also getting 70fps on a 4070ti you must be running bitcoin miners in the background. https://t.co/ydSY5RL8TC",['1981800814558445651'],"why do blue checkmarks feel the need to advertise their stupidity on the internet

yes dlss frame gen has some input lag thats what nvidia reflex is for 

but also getting 70fps on a 4070ti you must be running bitcoin miners in the background",negative
1078890361404108800,2025-10-24T19:11:40.000Z,1981800780396212434,"ğŸ¤˜ğŸ¤¬
Please follow him @PaulinaBadys. I have been watching him for a long time and the stocks he recommends every day are rising.
#SP500 $CLSK 
 #UnemploymentRateğŸ¦ $AAPL  
 #VolatilityğŸ¿ $TSLA  
 #NvidiağŸ¼ $XLV 
 #BETR STOCKğŸ¤— $LVRO https://t.co/XaEBtkn1hP",['1981800780396212434'],"please follow him  i have been watching him for a long time and the stocks he recommends every day are rising
sp500 clsk 
 unemploymentrate aapl  
 volatility tsla  
 nvidia xlv 
 betr stock lvro",positive
1216154299950096385,2025-10-24T19:11:40.000Z,1981800777200153070,"ğŸ¥£â«ğŸš¯
Huge thanks to  @rtu2030407080 I made $23,000 in two days following the strategy 
 #StockMarket $SCNX $AREB
 #StopLossOrderğŸ¦“ $JNJ  
 #BearishğŸ˜¦ $PFE  
 #NvidiağŸ”« $MRK 
 #MSFTğŸ›Œ $RMSG https://t.co/qX1JSqkhcc",['1981800777200153070'],"huge thanks to   i made 23000 in two days following the strategy 
 stockmarket scnx areb
 stoplossorder jnj  
 bearish pfe  
 nvidia mrk 
 msft rmsg",positive
1962121886466498561,2025-10-24T19:11:20.000Z,1981800695973204159,"ğŸ¦…ğŸ›µ
Trust me: @incops3's stock tweets are so accurate, I made $20,000 in a week following them. It's true.
#Nasdaq $RACE
 #MarketCapitalizationğŸ‡ $GM 
 #InflationğŸ‘¾ $JNJ 
 #NvidiağŸ’• $PFE  
 #StockPriceğŸš« $YDKG https://t.co/9OdJvQdS8k",['1981800695973204159'],"trust me s stock tweets are so accurate i made 20000 in a week following them its true
nasdaq race
 marketcapitalization gm 
 inflation jnj 
 nvidia pfe  
 stockprice ydkg",positive
766622289370710016,2025-10-24T19:10:29.000Z,1981800479530397768,"ğŸğŸğŸ±ğŸ§²
This is insane! ğŸš€ Repeatedly following @michellehromlak's trades has turned my portfolio into a profit machine - some positions are up over 15% in just a few days! 
#Stock $REPL 
 #DividendsğŸ¤® $PYPL
  #ROEâ™  $JNJ 
 #ArbitrageğŸ“¡ $INTC  
 #NvidiağŸ™ˆ $SAVA https://t.co/dOXffBAtER",['1981800479530397768'],"this is insane  repeatedly following s trades has turned my portfolio into a profit machine  some positions are up over 15 in just a few days 
stock repl 
 dividends pypl
  roe jnj 
 arbitrage intc  
 nvidia sava",positive
1118125059611058177,2025-10-24T19:10:22.000Z,1981800450992353553,"ğŸ§”ğŸ³ğŸ™ğŸŒ
Trust me: @Calavagio stock tweets are so accurate, I made $20,000 in a week following them. It's true.
#risingstocks $COIN
 #ROEğŸŠ $GM 
 #LiquidityğŸ‘˜ $XLV 
 #OTCğŸ¦º $YDKG 
 #NvidiağŸ•• $AGRI https://t.co/8IpJF64ONm",['1981800450992353553'],"trust me  stock tweets are so accurate i made 20000 in a week following them its true
risingstocks coin
 roe gm 
 liquidity xlv 
 otc ydkg 
 nvidia agri",positive
829043158365384704,2025-10-24T19:10:22.000Z,1981800450639741166,"PNY and @NVIDIA are driving the future of innovation in higher education by equipping institutions with cutting-edge solutions like the NVIDIA RTX PRO 6000 Blackwell Max-Q Workstation Edition.

Discover how cutting-edge GPU technology can transform your institution, empower https://t.co/bnBFyF4C0c",['1981800450639741166'],"pny and  are driving the future of innovation in higher education by equipping institutions with cuttingedge solutions like the nvidia rtx pro 6000 blackwell maxq workstation edition

discover how cuttingedge gpu technology can transform your institution empower",positive
945021637052719104,2025-10-24T19:10:06.000Z,1981800386240614688,This is what my $1000 cursor bill is funding https://t.co/gwMD7TpQbI,['1981800386240614688'],this is what my 1000 cursor bill is funding,neutral
1811637123008856068,2025-10-24T19:09:57.000Z,1981800346549932239,"TensorWave thinks it can break Nvidiaâ€™s grip on AI compute with an AMD-powered cloud
https://t.co/Op9K5sL7aE",['1981800346549932239'],tensorwave thinks it can break nvidias grip on ai compute with an amdpowered cloud,neutral
1575653415442477056,2025-10-24T19:09:49.000Z,1981800312391561424,@MurkFPSHub You prefer AMD over Nvidia? I been nvidia my first 2 towers,['1981800312391561424'],you prefer amd over nvidia i been nvidia my first 2 towers,neutral
1378343036426448896,2025-10-24T19:09:47.000Z,1981800306192351304,@Pontifex @RoyalFamily one of the best artists in the world for a while now @GratefulDead @google @youtube @BillGates @jeffbezos @elonmusk @nvidia @kaitlancollins @bbcchinese @BBCWorld @BBCNews @F1 @nascar @thrashermag @Fallout @UnrealEngine @DevilMayCry @seanpayton @saints @ESPN https://t.co/0eQgQKJrIt,['1981800306192351304'],one of the best artists in the world for a while now,positive
2327398644,2025-10-24T19:09:42.000Z,1981800283157189027,"@anoop199302 DM me now for Best 4k IPTV Service on Firestick, Android Box, Nvidia Shield or Smart TV'S. 
ğŸ‡¬ğŸ‡§ğŸ´ó §ó ¢ó ¥ó ®ó §ó ¿ğŸ‡®ğŸ‡¸ğŸ‡®ğŸ‡ªğŸ´ó §ó ¢ó ³ó £ó ´ó ¿ğŸ‡³ğŸ‡±ğŸ‡ºğŸ‡¸ğŸ‡¨ğŸ‡¦ğŸŒğŸŒğŸ¥‚ğŸŸï¸âš½ğŸ¥…ğŸ† @anoop199302",['1981800283157189027'],dm me now for best 4k iptv service on firestick android box nvidia shield or smart tvs,positive
700513474997264384,2025-10-24T19:09:39.000Z,1981800272570482949,"@MarVxnchy cop it now, join the crew https://t.co/RJahVIaz6u",['1981800272570482949'],cop it now join the crew,positive
1460268625080860678,2025-10-24T19:09:25.000Z,1981800215037317550,Nvidia vertical - folks figuring out their chips can do quantum too?,['1981800215037317550'],nvidia vertical  folks figuring out their chips can do quantum too,neutral
1218815512815132673,2025-10-24T19:09:11.000Z,1981800154534687024,"ğŸ›ğŸ¦½ğŸˆ¯ğŸŒšğŸ¤«
He is a gold medal stock analyst: @sarh12dd3 who posts stock recommendations on X every day, and they are indeed very accurate.
 #Stock $ELBM $PRAX  
#IPO ğŸ¥€ $TSLA  
#FiscalPolicy  ğŸ•“ $META  
#Bullish ğŸª $HD  
#Nvidia ğŸ©¸ $SBUX https://t.co/s7JKOigiRn",['1981800154534687024'],"he is a gold medal stock analyst  who posts stock recommendations on x every day and they are indeed very accurate
 stock elbm prax  
ipo  tsla  
fiscalpolicy   meta  
bullish  hd  
nvidia  sbux",positive
575265352,2025-10-24T19:09:08.000Z,1981800140936548369,"BREKING NEWS ğŸš¨ğŸš¨ğŸš¨ğŸš¨ğŸš¨ğŸš¨
$NVDA $FUSE Nvidia-backed Fusemachines Inc hits public markets with $40M splash https://t.co/jtNRsvnP4T",['1981800140936548369'],"breking news 
nvda fuse nvidiabacked fusemachines inc hits public markets with 40m splash",neutral
1248599815631654917,2025-10-24T19:08:50.000Z,1981800068148826398,@jasper_b3ll @PolymarketTrade @Polymarket Thatâ€™s a sharp take. Apple sneaking into second makes sense with Nvidiaâ€™s surge lately.,['1981800068148826398'],thats a sharp take apple sneaking into second makes sense with nvidias surge lately,neutral
1944419276586463232,2025-10-24T19:08:38.000Z,1981800014536974504,"1/ $GPUS is launching $NVDA on demand cloud
They've followed $IREN's lead on mining Bitcoin with their current hardware to fund their AI data center
There's just 10% short interest, but those short sellers I think will want to bail end of month to avoid

https://t.co/gYKaRNt1vJ",['1981800014536974504'],"1 gpus is launching nvda on demand cloud
theyve followed irens lead on mining bitcoin with their current hardware to fund their ai data center
theres just 10 short interest but those short sellers i think will want to bail end of month to avoid",negative
1961777974891671552,2025-10-24T19:08:15.000Z,1981799920651952223,"ğŸğŸ§‚ğŸ›µğŸ˜¾ğŸ¥¥
You can follow him: @69enve. I made several times the profit in just a few days by buying the stocks he recommended. He is worth following.
 #StockMarket $CLSK 
 #MonetaryPolicyğŸ¦‚ $AAPL  
 #UnemploymentRateğŸ˜š $OPEN  #StocksğŸ’© $LVRO 
 #NvidiağŸ˜­ $IPDN https://t.co/IyLvEPMPny",['1981799920651952223'],"you can follow him  i made several times the profit in just a few days by buying the stocks he recommended he is worth following
 stockmarket clsk 
 monetarypolicy aapl  
 unemploymentrate open  stocks lvro 
 nvidia ipdn",positive
1250163235640098816,2025-10-24T19:07:54.000Z,1981799832533839900,"ğŸ¦ğŸ§ğŸ¢ğŸƒğŸ§«
Thanks to @sarh12dd3 I made $23,000 in two days by following the strategy. I'm so happy! #Stock $ELBM $PRAX 
#TeslağŸ§™ $DIS 
#StopLossOrder ğŸ˜€ $JNJ #OTC ğŸ”³ $HD  
#Nvidia ğŸ¸ $PFE https://t.co/LnjKu1NbNA",['1981799832533839900'],"thanks to  i made 23000 in two days by following the strategy im so happy stock elbm prax 
tesla dis 
stoplossorder  jnj otc  hd  
nvidia  pfe",positive
549443406,2025-10-24T19:07:32.000Z,1981799740737302716,@CJHandmer @nvidia Is the problem the heat dissipation or getting the information in/out?,['1981799740737302716'],is the problem the heat dissipation or getting the information inout,negative
16807126,2025-10-24T19:07:14.000Z,1981799665072021524,@_mrosenfield NVIDIA gpu's use them to generate and play hold music while waiting on compute to finish.,['1981799665072021524'],nvidia gpus use them to generate and play hold music while waiting on compute to finish,positive
1900832851337396224,2025-10-24T19:06:27.000Z,1981799464718545038,Good insight by Jensen of @nvidia why batteries is not the power play in AI. It's in names that own the infra like $IREN and $BEPC. https://t.co/kHJMo14zFS,['1981799464718545038'],good insight by jensen of  why batteries is not the power play in ai its in names that own the infra like iren and bepc,positive
705540042,2025-10-24T19:05:04.000Z,1981799117312733259,"$NVDA as both investor &amp; GPU supplier makes sense.

Nvidia losing China means they have to make up the demand somewhere! (pun intended) https://t.co/XOhU2mUH7u",['1981799117312733259'],"nvda as both investor amp gpu supplier makes sense

nvidia losing china means they have to make up the demand somewhere pun intended",negative
1568234424856084483,2025-10-24T19:04:44.000Z,1981799036475613214,@SamKaru_ @nvidia @trylogical Lol just say you vested,['1981799036475613214'],lol just say you vested,positive
1972975873964789760,2025-10-24T19:04:39.000Z,1981799012991959140,$NVDA #Nvidia Daily Chart:  Seeing back to back retests at AWAP + Fib support.   Something is cooking- Stock has held $118 like Joe Biden holds his ICE CREAM over and over.  A big pop coming.... https://t.co/vnQuJKJOnQ,['1981799012991959140'],nvda nvidia daily chart  seeing back to back retests at awap  fib support   something is cooking stock has held 118 like joe biden holds his ice cream over and over  a big pop coming,positive
1562455862140350464,2025-10-24T19:04:18.000Z,1981798923321684400,"Hp ProDesk 400g7 SFF

âœ…ï¸Intel core i7
âœ…ï¸10th generation 
âœ…ï¸32GB RAM 2TB HDD
âœ…ï¸4GB NVIDIA GTX730 
âœ…ï¸HDMI+DISPLAY PORT

Kes.64K
Call or WhatsApp 0758 322717 

Harambe Starlets #kuwaHomeOwner BomaYangu Delivers Dave #NYOTAVerification Ashley Express Tariffs https://t.co/jwzPG1r1Wn",['1981798923321684400'],"hp prodesk 400g7 sff

intel core i7
10th generation 
32gb ram 2tb hdd
4gb nvidia gtx730 
hdmidisplay port

kes64k
call or whatsapp 0758 322717 

harambe starlets kuwahomeowner bomayangu delivers dave nyotaverification ashley express tariffs",neutral
971111129266073600,2025-10-24T19:03:49.000Z,1981798804426043427,@BenBajarin Buying and renting Nvidia is not a long term option for the Hyperscalers..,['1981798804426043427'],buying and renting nvidia is not a long term option for the hyperscalers,neutral
1084869809831985152,2025-10-24T19:03:34.000Z,1981798742731710760,"ğŸ¯ğŸ‘´ğŸ’”ğŸ°
He is seriously the best investor: @9ajhi who I've been watching him for a week and all his recommendations have gone up.
#stock $HKIT
 #CMEğŸ’™ $GE
  #ShortSellingğŸ§„ $F 
 #BrokerageğŸ¤Ÿ $HSDT 
 #Nvidiaâ¯ $APLM https://t.co/KLDkmNYQcL",['1981798742731710760'],"he is seriously the best investor  who ive been watching him for a week and all his recommendations have gone up
stock hkit
 cme ge
  shortselling f 
 brokerage hsdt 
 nvidia aplm",positive
